{"day": "2026-07-20", "books": {"real": {"equity": 449.19, "day_start": 498.7, "day_peak": 501.7, "peak": 501.7}, "shadow": {"equity": 10027.976259999998, "day_start": 10000.0, "day_peak": 10048.001698, "peak": 10048.001698}}}