{"day": "2026-07-23", "books": {"real": {"equity": 10000.0, "day_start": 10000.0, "day_peak": 10000.0, "peak": 10000.0}, "shadow": {"equity": 9520.575229601442, "day_start": 8760.833404152536, "day_peak": 10000.0, "peak": 10219.411211014018}, "consensus_shadow": {"equity": 9520.575229601442, "day_start": 8760.833404152536, "day_peak": 10000.0, "peak": 10219.411211014018}}}