{"day": "2026-07-24", "books": {"real": {"equity": 10000.0, "day_start": 10000.0, "day_peak": 10000.0, "peak": 10000.0}, "shadow": {"equity": 8541.320677825768, "day_start": 9046.556583215832, "day_peak": 9049.426268477833, "peak": 10000.0}, "consensus_shadow": {"equity": 8541.320677825768, "day_start": 9046.556583215832, "day_peak": 9049.426268477833, "peak": 10000.0}}}